{
  "num_samples": 540,
  "elapsed_seconds": 0.005382333998568356,
  "accuracy": 0.9666666666666667,
  "prediction_hash_sha256": "a4b7968caf3ccc0f397d81d2ed7e4acbedf7fec14c86596e4a116b1172ceadd4"
}